site,zone,mean_pct_cover,species_definition,mean_depth,mean_gorg_density,Reef_Type,mean_giantkelp_density_m2,mean_Relief_index,mean_Relief_SD,mean_Substrate_index,mean_Substrate_SD,mean_chl_mg_m3,mean_sst_C,dist_200m_bath,mean_Latitude,mean_Longitude
ANACAPA_EAST_FISH_CAMP_CEN,INNER,14.983333333333334,Muricea californica,7.449999999999999,2.5,Natural Reef,1.28697916666667,0.289166666666667,0.471838130376148,3.70583333333333,0.54294965457564,1.49781360364031,17.2764705882353,1451.92555332031,34.001583,-119.398067
ANACAPA_EAST_FISH_CAMP_CEN,OUTER,72.78333333333333,Eugorgia rubens,14.6,6.111111111111112,Natural Reef,0,0.0556666666666667,0.154024407031076,3.61066666666667,0.631466785315168,1.49781360364031,17.2764705882353,1451.92555332031,34.001583,-119.398067
ANACAPA_EAST_FISH_CAMP_CEN,OUTER,72.78333333333333,Leptogorgia chilensis,13.7,10,Natural Reef,0,0.0556666666666667,0.154024407031076,3.61066666666667,0.631466785315168,1.49781360364031,17.2764705882353,1451.92555332031,34.001583,-119.398067
ANACAPA_EAST_FISH_CAMP_CEN,OUTER,72.78333333333333,Muricea californica,15,11.25,Natural Reef,0,0.0556666666666667,0.154024407031076,3.61066666666667,0.631466785315168,1.49781360364031,17.2764705882353,1451.92555332031,34.001583,-119.398067
ANACAPA_EAST_FISH_CAMP_CEN,OUTER,72.78333333333333,Muricea fruticosa,15.5,1.6666666666666667,Natural Reef,0,0.0556666666666667,0.154024407031076,3.61066666666667,0.631466785315168,1.49781360364031,17.2764705882353,1451.92555332031,34.001583,-119.398067
ANACAPA_EAST_FISH_CAMP_E,OUTER,81.65,Eugorgia rubens,13.4,1.6666666666666667,Natural Reef,0,0.127666666666667,0.254625391324885,3.69416666666667,0.554706774090433,1.76200662662554,17.1935294117647,1768.70140949062,34.0045,-119.385783
ANACAPA_EAST_FISH_CAMP_E,OUTER,81.65,Muricea californica,14,6.666666666666667,Natural Reef,0,0.127666666666667,0.254625391324885,3.69416666666667,0.554706774090433,1.76200662662554,17.1935294117647,1768.70140949062,34.0045,-119.385783
ANACAPA_EAST_FISH_CAMP_E,OUTER,81.65,Muricea fruticosa,9.1,1.6666666666666667,Natural Reef,0,0.127666666666667,0.254625391324885,3.69416666666667,0.554706774090433,1.76200662662554,17.1935294117647,1768.70140949062,34.0045,-119.385783
ANACAPA_EAST_FISH_CAMP_W,INNER,8.9,Leptogorgia chilensis,6.866666666666667,2.2222222222222223,Natural Reef,0.7953125,0.0333333333333333,0.092247258763293,3.411,0.986730804026029,1.88787251668553,17.0295180722892,1690.04017445576,34.003083,-119.404167
ANACAPA_EAST_FISH_CAMP_W,INNER,8.9,Muricea californica,6.8,5.833333333333333,Natural Reef,0.7953125,0.0333333333333333,0.092247258763293,3.411,0.986730804026029,1.88787251668553,17.0295180722892,1690.04017445576,34.003083,-119.404167
ANACAPA_EAST_FISH_CAMP_W,INNER,8.9,Muricea fruticosa,7.6,1.6666666666666667,Natural Reef,0.7953125,0.0333333333333333,0.092247258763293,3.411,0.986730804026029,1.88787251668553,17.0295180722892,1690.04017445576,34.003083,-119.404167
ANACAPA_EAST_FISH_CAMP_W,OUTER,40.55,Eugorgia rubens,11.9,5,Natural Reef,0.156944444444444,0.1835,0.3530323532758,3.412,0.995156152454626,1.88787251668553,17.0295180722892,1690.04017445576,34.003083,-119.404167
ANACAPA_EAST_FISH_CAMP_W,OUTER,40.55,Leptogorgia chilensis,12,8.61111111111111,Natural Reef,0.156944444444444,0.1835,0.3530323532758,3.412,0.995156152454626,1.88787251668553,17.0295180722892,1690.04017445576,34.003083,-119.404167
ANACAPA_EAST_FISH_CAMP_W,OUTER,40.55,Muricea californica,12,26.944444444444443,Natural Reef,0.156944444444444,0.1835,0.3530323532758,3.412,0.995156152454626,1.88787251668553,17.0295180722892,1690.04017445576,34.003083,-119.404167
ANACAPA_EAST_FISH_CAMP_W,OUTER,40.55,Muricea fruticosa,12.35,2.5,Natural Reef,0.156944444444444,0.1835,0.3530323532758,3.412,0.995156152454626,1.88787251668553,17.0295180722892,1690.04017445576,34.003083,-119.404167
ANACAPA_EAST_ISLE_CEN,INNER,1.6625,Leptogorgia chilensis,6.85,1.6666666666666667,Natural Reef,1.57454954954955,1.2856875,0.665260280582199,3.8854375,0.219753969998221,1.44205497048757,16.990625,2815.537378001,34.017667,-119.363683
ANACAPA_EAST_ISLE_CEN,OUTER,8.33125,Leptogorgia chilensis,12.2,1.6666666666666667,Natural Reef,1.02236842105263,0.2081875,0.343061128819411,3.2521875,0.789935277005983,1.44205497048757,16.990625,2815.537378001,34.017667,-119.363683
ANACAPA_EAST_ISLE_CEN,OUTER,8.33125,Muricea californica,11.674999999999999,2.5,Natural Reef,1.02236842105263,0.2081875,0.343061128819411,3.2521875,0.789935277005983,1.44205497048757,16.990625,2815.537378001,34.017667,-119.363683
ANACAPA_EAST_ISLE_E,INNER,5.20625,Leptogorgia chilensis,5.8,1.6666666666666667,Natural Reef,0.954383429672447,1.097875,0.460808701930532,3.87675,0.229585255464125,1.77954358857765,17.1538043478261,2641.49644977728,34.017033,-119.361133
ANACAPA_EAST_ISLE_E,INNER,5.20625,Muricea californica,5.5,1.6666666666666667,Natural Reef,0.954383429672447,1.097875,0.460808701930532,3.87675,0.229585255464125,1.77954358857765,17.1538043478261,2641.49644977728,34.017033,-119.361133
ANACAPA_EAST_ISLE_E,OUTER,15.8375,Eugorgia rubens,12.700000000000001,8.333333333333332,Natural Reef,0.758547008547009,0.3686875,0.407353867476658,3.152125,0.813710916117573,1.77954358857765,17.1538043478261,2641.49644977728,34.017033,-119.361133
ANACAPA_EAST_ISLE_E,OUTER,15.8375,Leptogorgia chilensis,12.3375,4.583333333333333,Natural Reef,0.758547008547009,0.3686875,0.407353867476658,3.152125,0.813710916117573,1.77954358857765,17.1538043478261,2641.49644977728,34.017033,-119.361133
ANACAPA_EAST_ISLE_E,OUTER,15.8375,Muricea californica,12.34,3,Natural Reef,0.758547008547009,0.3686875,0.407353867476658,3.152125,0.813710916117573,1.77954358857765,17.1538043478261,2641.49644977728,34.017033,-119.361133
ANACAPA_EAST_ISLE_W,INNER,6.66875,Muricea californica,5.35,1.6666666666666667,Natural Reef,1.0327943615257,0.61225,0.462841036508963,3.5395625,0.529151251265787,1.40997906570529,17.0410112359551,3008.58732407508,34.015867,-119.371733
ANACAPA_EAST_ISLE_W,OUTER,10.63125,Leptogorgia chilensis,7.3,1.6666666666666667,Natural Reef,1.14153333333333,0.060375,0.172991537155371,3.10825,0.873793038800412,1.40997906570529,17.0410112359551,3008.58732407508,34.015867,-119.371733
ANACAPA_EAST_ISLE_W,OUTER,10.63125,Muricea californica,6.1,1.6666666666666667,Natural Reef,1.14153333333333,0.060375,0.172991537155371,3.10825,0.873793038800412,1.40997906570529,17.0410112359551,3008.58732407508,34.015867,-119.371733
ANACAPA_LIGHTHOUSE_REEF_CEN,OUTER,26.24375,Eugorgia rubens,9.5,1.6666666666666667,Natural Reef,0.408597883597884,0.08125,0.186495192755058,3.6474375,0.777594740181168,1.77954358857765,17.1538043478261,2330.60324695248,34.012783,-119.363133
ANACAPA_LIGHTHOUSE_REEF_CEN,OUTER,26.24375,Leptogorgia chilensis,9.584615384615384,5.128205128205128,Natural Reef,0.408597883597884,0.08125,0.186495192755058,3.6474375,0.777594740181168,1.77954358857765,17.1538043478261,2330.60324695248,34.012783,-119.363133
ANACAPA_LIGHTHOUSE_REEF_CEN,OUTER,26.24375,Muricea californica,9.38125,25,Natural Reef,0.408597883597884,0.08125,0.186495192755058,3.6474375,0.777594740181168,1.77954358857765,17.1538043478261,2330.60324695248,34.012783,-119.363133
ANACAPA_LIGHTHOUSE_REEF_CEN,OUTER,26.24375,Muricea fruticosa,8.6,5,Natural Reef,0.408597883597884,0.08125,0.186495192755058,3.6474375,0.777594740181168,1.77954358857765,17.1538043478261,2330.60324695248,34.012783,-119.363133
ANACAPA_LIGHTHOUSE_REEF_E,INNER,21.45625,Leptogorgia chilensis,6.4,1.6666666666666667,Natural Reef,0.765501165501166,0.4498125,0.556545630735365,3.6850625,0.44963604053418,1.77954358857765,17.1538043478261,2285.74892747693,34.0139,-119.36
ANACAPA_LIGHTHOUSE_REEF_E,INNER,21.45625,Muricea californica,7,1.6666666666666667,Natural Reef,0.765501165501166,0.4498125,0.556545630735365,3.6850625,0.44963604053418,1.77954358857765,17.1538043478261,2285.74892747693,34.0139,-119.36
ANACAPA_LIGHTHOUSE_REEF_E,OUTER,19.18125,Leptogorgia chilensis,8.98,3,Natural Reef,0.717004504504505,0.154125,0.305845587198664,3.135,1.03890094500834,1.77954358857765,17.1538043478261,2285.74892747693,34.0139,-119.36
ANACAPA_LIGHTHOUSE_REEF_E,OUTER,19.18125,Muricea californica,9.02,15.555555555555555,Natural Reef,0.717004504504505,0.154125,0.305845587198664,3.135,1.03890094500834,1.77954358857765,17.1538043478261,2285.74892747693,34.0139,-119.36
ANACAPA_LIGHTHOUSE_REEF_E,OUTER,19.18125,Muricea fruticosa,9.8,1.6666666666666667,Natural Reef,0.717004504504505,0.154125,0.305845587198664,3.135,1.03890094500834,1.77954358857765,17.1538043478261,2285.74892747693,34.0139,-119.36
ANACAPA_LIGHTHOUSE_REEF_W,INNER,17.075,Leptogorgia chilensis,5.8,1.6666666666666667,Natural Reef,0.481010928961749,0.745875,0.660880467088778,3.8500625,0.356407614712927,1.40997906570529,17.0410112359551,2453.19458346819,34.010783000000004,-119.3725
ANACAPA_LIGHTHOUSE_REEF_W,INNER,17.075,Muricea californica,6.011111111111111,2.2222222222222223,Natural Reef,0.481010928961749,0.745875,0.660880467088778,3.8500625,0.356407614712927,1.40997906570529,17.0410112359551,2453.19458346819,34.010783000000004,-119.3725
ANACAPA_LIGHTHOUSE_REEF_W,OUTER,42.91875,Eugorgia rubens,11.7,1.6666666666666667,Natural Reef,0.116666666666667,0.24175,0.303693980730536,3.7020625,0.608298019144452,1.40997906570529,17.0410112359551,2453.19458346819,34.010783000000004,-119.3725
ANACAPA_LIGHTHOUSE_REEF_W,OUTER,42.91875,Leptogorgia chilensis,10.6,4.5,Natural Reef,0.116666666666667,0.24175,0.303693980730536,3.7020625,0.608298019144452,1.40997906570529,17.0410112359551,2453.19458346819,34.010783000000004,-119.3725
ANACAPA_LIGHTHOUSE_REEF_W,OUTER,42.91875,Muricea californica,10.53125,12.604166666666666,Natural Reef,0.116666666666667,0.24175,0.303693980730536,3.7020625,0.608298019144452,1.40997906570529,17.0410112359551,2453.19458346819,34.010783000000004,-119.3725
ANACAPA_MIDDLE_ISLE_CEN,INNER,21.675,Muricea californica,10.8875,4.166666666666667,Natural Reef,0.805233739837398,0.4021875,0.534538111788571,3.6808125,0.583743517188859,1.6229601561374,16.9586206896552,2358.63598581145,34.0100609,-119.3877751
ANACAPA_MIDDLE_ISLE_CEN,OUTER,25.84375,Eugorgia rubens,13.1,18.333333333333332,Natural Reef,0.524652777777778,0.252125,0.401681169267129,3.552125,0.638170676124866,1.6229601561374,16.9586206896552,2358.63598581145,34.0100609,-119.3877751
ANACAPA_MIDDLE_ISLE_CEN,OUTER,25.84375,Leptogorgia chilensis,12.14,2.666666666666667,Natural Reef,0.524652777777778,0.252125,0.401681169267129,3.552125,0.638170676124866,1.6229601561374,16.9586206896552,2358.63598581145,34.0100609,-119.3877751
ANACAPA_MIDDLE_ISLE_CEN,OUTER,25.84375,Muricea californica,12.536363636363637,4.3939393939393945,Natural Reef,0.524652777777778,0.252125,0.401681169267129,3.552125,0.638170676124866,1.6229601561374,16.9586206896552,2358.63598581145,34.0100609,-119.3877751
ANACAPA_MIDDLE_ISLE_CEN,OUTER,25.84375,Muricea fruticosa,13.25,2.5,Natural Reef,0.524652777777778,0.252125,0.401681169267129,3.552125,0.638170676124866,1.6229601561374,16.9586206896552,2358.63598581145,34.0100609,-119.3877751
ANACAPA_MIDDLE_ISLE_E,OUTER,22.7125,Muricea californica,8.833333333333334,2.7777777777777777,Natural Reef,1.0625,0.104125,0.225543756953459,3.4583125,0.719086642091841,1.6229601561374,16.9586206896552,2182.35540293463,34.0085,-119.388167
ANACAPA_MIDDLE_ISLE_E,OUTER,22.7125,Muricea fruticosa,10.1,1.6666666666666667,Natural Reef,1.0625,0.104125,0.225543756953459,3.4583125,0.719086642091841,1.6229601561374,16.9586206896552,2182.35540293463,34.0085,-119.388167
ANACAPA_MIDDLE_ISLE_W,INNER,15.425,Leptogorgia chilensis,5.2,1.6666666666666667,Natural Reef,2.03533950617284,0.552,0.618628987911938,3.7955625,0.409209425029995,1.49781360364031,17.2764705882353,2116.96854068396,34.007833,-119.394467
ANACAPA_MIDDLE_ISLE_W,INNER,15.425,Muricea californica,5.125,1.6666666666666667,Natural Reef,2.03533950617284,0.552,0.618628987911938,3.7955625,0.409209425029995,1.49781360364031,17.2764705882353,2116.96854068396,34.007833,-119.394467
ANACAPA_MIDDLE_ISLE_W,OUTER,23.55,Eugorgia rubens,8.2,1.6666666666666667,Natural Reef,1.47612359550562,0.2124375,0.381563262156176,3.454375,0.778615815153838,1.49781360364031,17.2764705882353,2116.96854068396,34.007833,-119.394467
ANACAPA_MIDDLE_ISLE_W,OUTER,23.55,Leptogorgia chilensis,8.1,1.6666666666666667,Natural Reef,1.47612359550562,0.2124375,0.381563262156176,3.454375,0.778615815153838,1.49781360364031,17.2764705882353,2116.96854068396,34.007833,-119.394467
ANACAPA_MIDDLE_ISLE_W,OUTER,23.55,Muricea californica,8.275,5.416666666666667,Natural Reef,1.47612359550562,0.2124375,0.381563262156176,3.454375,0.778615815153838,1.49781360364031,17.2764705882353,2116.96854068396,34.007833,-119.394467
ANACAPA_MIDDLE_ISLE_W,OUTER,23.55,Muricea fruticosa,8.333333333333334,3.8888888888888884,Natural Reef,1.47612359550562,0.2124375,0.381563262156176,3.454375,0.778615815153838,1.49781360364031,17.2764705882353,2116.96854068396,34.007833,-119.394467
ANACAPA_WEST_ISLE_CEN,OUTER,28.1375,Eugorgia rubens,12.3125,319.4791666666667,Natural Reef,0.905591397849462,0.2041875,0.395062687006868,3.37125,0.79742648173844,2.90510604093212,17.1224137931034,3584.57579918632,34.016983,-119.432917
ANACAPA_WEST_ISLE_CEN,OUTER,28.1375,Leptogorgia chilensis,12.45,16.111111111111107,Natural Reef,0.905591397849462,0.2041875,0.395062687006868,3.37125,0.79742648173844,2.90510604093212,17.1224137931034,3584.57579918632,34.016983,-119.432917
ANACAPA_WEST_ISLE_CEN,OUTER,28.1375,Muricea californica,12.42142857142857,11.071428571428571,Natural Reef,0.905591397849462,0.2041875,0.395062687006868,3.37125,0.79742648173844,2.90510604093212,17.1224137931034,3584.57579918632,34.016983,-119.432917
ANACAPA_WEST_ISLE_CEN,OUTER,28.1375,Muricea fruticosa,11.92,2.666666666666667,Natural Reef,0.905591397849462,0.2041875,0.395062687006868,3.37125,0.79742648173844,2.90510604093212,17.1224137931034,3584.57579918632,34.016983,-119.432917
ANACAPA_WEST_ISLE_E,INNER,23.974999999999998,Leptogorgia chilensis,6.1,1.6666666666666667,Natural Reef,2.98845628415301,0.5395,0.605031690932456,3.7106875,0.530294410072399,3.08602791860725,17.1383720930233,3468.04416008433,34.016083,-119.421833
ANACAPA_WEST_ISLE_E,OUTER,27.9125,Eugorgia rubens,9.44,17.333333333333332,Natural Reef,1.15896686159844,0.456375,0.5747211240682,3.13325,0.849492896757175,3.08602791860725,17.1383720930233,3468.04416008433,34.016083,-119.421833
ANACAPA_WEST_ISLE_E,OUTER,27.9125,Leptogorgia chilensis,9.885714285714286,2.142857142857143,Natural Reef,1.15896686159844,0.456375,0.5747211240682,3.13325,0.849492896757175,3.08602791860725,17.1383720930233,3468.04416008433,34.016083,-119.421833
ANACAPA_WEST_ISLE_E,OUTER,27.9125,Muricea californica,9.53,3,Natural Reef,1.15896686159844,0.456375,0.5747211240682,3.13325,0.849492896757175,3.08602791860725,17.1383720930233,3468.04416008433,34.016083,-119.421833
ANACAPA_WEST_ISLE_E,OUTER,27.9125,Muricea fruticosa,9.45,1.6666666666666667,Natural Reef,1.15896686159844,0.456375,0.5747211240682,3.13325,0.849492896757175,3.08602791860725,17.1383720930233,3468.04416008433,34.016083,-119.421833
ANACAPA_WEST_ISLE_W,INNER,18.95625,Eugorgia rubens,7.746153846153846,295.12820512820514,Natural Reef,2.29657360406091,0.7956875,0.69909035157219,3.8355,0.343590461272623,1.27487825312192,17.0454545454545,3708.13446378879,34.017417,-119.438067
ANACAPA_WEST_ISLE_W,INNER,18.95625,Leptogorgia chilensis,8.38,4.666666666666667,Natural Reef,2.29657360406091,0.7956875,0.69909035157219,3.8355,0.343590461272623,1.27487825312192,17.0454545454545,3708.13446378879,34.017417,-119.438067
ANACAPA_WEST_ISLE_W,INNER,18.95625,Muricea californica,8.01,6.666666666666666,Natural Reef,2.29657360406091,0.7956875,0.69909035157219,3.8355,0.343590461272623,1.27487825312192,17.0454545454545,3708.13446378879,34.017417,-119.438067
ANACAPA_WEST_ISLE_W,OUTER,55.625,Eugorgia rubens,23.34375,18.854166666666664,Natural Reef,0,0.2,0.312931127277314,3.2189375,0.97129896480022,1.27487825312192,17.0454545454545,3708.13446378879,34.017417,-119.438067
ANACAPA_WEST_ISLE_W,OUTER,55.625,Leptogorgia chilensis,23.366666666666667,9.444444444444445,Natural Reef,0,0.2,0.312931127277314,3.2189375,0.97129896480022,1.27487825312192,17.0454545454545,3708.13446378879,34.017417,-119.438067
ANACAPA_WEST_ISLE_W,OUTER,55.625,Muricea californica,23.3,2.7777777777777777,Natural Reef,0,0.2,0.312931127277314,3.2189375,0.97129896480022,1.27487825312192,17.0454545454545,3708.13446378879,34.017417,-119.438067
ANACAPA_WEST_ISLE_W,SPECIALO,49.175,Eugorgia rubens,14.2,1740,Natural Reef,0.0933333333333333,0.01675,0.0624327595286769,3.24925,1.09836976627734,1.27487825312192,17.0454545454545,3708.13446378879,34.017417,-119.438067
ANACAPA_WEST_ISLE_W,SPECIALO,49.175,Leptogorgia chilensis,14.2,23.333333333333332,Natural Reef,0.0933333333333333,0.01675,0.0624327595286769,3.24925,1.09836976627734,1.27487825312192,17.0454545454545,3708.13446378879,34.017417,-119.438067
ANACAPA_WEST_ISLE_W,SPECIALO,49.175,Muricea californica,14.2,7.5,Natural Reef,0.0933333333333333,0.01675,0.0624327595286769,3.24925,1.09836976627734,1.27487825312192,17.0454545454545,3708.13446378879,34.017417,-119.438067
ANACAPA_WEST_ISLE_W,SPECIALO,49.175,Muricea fruticosa,13.7,1.6666666666666667,Natural Reef,0.0933333333333333,0.01675,0.0624327595286769,3.24925,1.09836976627734,1.27487825312192,17.0454545454545,3708.13446378879,34.017417,-119.438067
ARROYO_QUEMADO_E,INNER,9.5875,Muricea californica,6.7,5,Artificial Reef,0.486586757990868,0.027,0.0800751669424883,3.560625,0.737725870447329,8.10750201846918,16.5514925373134,7440.08746243361,34.466283,-120.116967
ARROYO_QUEMADO_E,MID,6.25,Leptogorgia chilensis,9.222222222222221,6.296296296296296,Artificial Reef,0.209772727272727,0.0104375,0.0424417111410119,3.7626875,0.588949400923197,8.10750201846918,16.5514925373134,7440.08746243361,34.466283,-120.116967
ARROYO_QUEMADO_E,MID,6.25,Muricea californica,9,17.142857142857142,Artificial Reef,0.209772727272727,0.0104375,0.0424417111410119,3.7626875,0.588949400923197,8.10750201846918,16.5514925373134,7440.08746243361,34.466283,-120.116967
ARROYO_QUEMADO_E,MID,6.25,Muricea fruticosa,9.5,1.6666666666666667,Artificial Reef,0.209772727272727,0.0104375,0.0424417111410119,3.7626875,0.588949400923197,8.10750201846918,16.5514925373134,7440.08746243361,34.466283,-120.116967
ARROYO_QUEMADO_E,OUTER,4.58125,Eugorgia rubens,12.8,1.6666666666666667,Artificial Reef,0.139506172839506,0,0,3.4643125,0.897284239855195,8.10750201846918,16.5514925373134,7440.08746243361,34.466283,-120.116967
ARROYO_QUEMADO_E,OUTER,4.58125,Leptogorgia chilensis,13.138461538461538,20,Artificial Reef,0.139506172839506,0,0,3.4643125,0.897284239855195,8.10750201846918,16.5514925373134,7440.08746243361,34.466283,-120.116967
ARROYO_QUEMADO_E,OUTER,4.58125,Muricea californica,13.169230769230769,46.92307692307692,Artificial Reef,0.139506172839506,0,0,3.4643125,0.897284239855195,8.10750201846918,16.5514925373134,7440.08746243361,34.466283,-120.116967
ARROYO_QUEMADO_E,OUTER,4.58125,Muricea fruticosa,14,1.6666666666666667,Artificial Reef,0.139506172839506,0,0,3.4643125,0.897284239855195,8.10750201846918,16.5514925373134,7440.08746243361,34.466283,-120.116967
ARROYO_QUEMADO_W,INNER,15.85,Muricea californica,6.1,2.5,Artificial Reef,0.326710816777042,0.00625,0.0187835720949228,3.77475,0.584071558116991,8.10750201846918,16.5514925373134,7581.57408934951,34.46835,-120.125183
ARROYO_QUEMADO_W,MID,17.28125,Leptogorgia chilensis,9.3,1.6666666666666667,Artificial Reef,0.166574074074074,0,0,3.766625,0.550948047717554,8.10750201846918,16.5514925373134,7581.57408934951,34.46835,-120.125183
ARROYO_QUEMADO_W,MID,17.28125,Muricea californica,9.575,5.833333333333333,Artificial Reef,0.166574074074074,0,0,3.766625,0.550948047717554,8.10750201846918,16.5514925373134,7581.57408934951,34.46835,-120.125183
ARROYO_QUEMADO_W,OUTER,15.00625,Leptogorgia chilensis,12.8,1.6666666666666667,Artificial Reef,0.197093023255814,0,0,3.6059375,0.735116864509436,8.10750201846918,16.5514925373134,7581.57408934951,34.46835,-120.125183
ARROYO_QUEMADO_W,OUTER,15.00625,Muricea californica,12.766666666666667,3.888888888888889,Artificial Reef,0.197093023255814,0,0,3.6059375,0.735116864509436,8.10750201846918,16.5514925373134,7581.57408934951,34.46835,-120.125183
HORSESHOE_REEF_E,INNER,50.2125,Muricea californica,6,2.7777777777777777,Natural Reef,0.304671717171717,0.1250625,0.210159202283071,3.90025,0.294616764439619,6.30215656015347,17.04,19320.3783201285,34.38945,-119.544767
HORSESHOE_REEF_E,MID,24.15625,Muricea californica,7.530769230769231,18.974358974358974,Natural Reef,0.650213675213675,0.00625,0.0268335212588427,3.6390625,0.711800517407999,6.30215656015347,17.04,19320.3783201285,34.38945,-119.544767
HORSESHOE_REEF_E,MID,24.15625,Muricea fruticosa,7.65,3.75,Natural Reef,0.650213675213675,0.00625,0.0268335212588427,3.6390625,0.711800517407999,6.30215656015347,17.04,19320.3783201285,34.38945,-119.544767
HORSESHOE_REEF_E,OUTER,16.037499999999998,Leptogorgia chilensis,9.792857142857143,6.5476190476190474,Natural Reef,0.242592592592593,0.0145625,0.0481320900431076,3.7016875,0.71760396579484,6.30215656015347,17.04,19320.3783201285,34.38945,-119.544767
HORSESHOE_REEF_E,OUTER,16.037499999999998,Muricea californica,9.8,247.91666666666666,Natural Reef,0.242592592592593,0.0145625,0.0481320900431076,3.7016875,0.71760396579484,6.30215656015347,17.04,19320.3783201285,34.38945,-119.544767
HORSESHOE_REEF_E,OUTER,16.037499999999998,Muricea fruticosa,9.716666666666667,18.055555555555554,Natural Reef,0.242592592592593,0.0145625,0.0481320900431076,3.7016875,0.71760396579484,6.30215656015347,17.04,19320.3783201285,34.38945,-119.544767
HORSESHOE_REEF_W,INNER,39.38125,Leptogorgia chilensis,8.583333333333332,6.944444444444445,Natural Reef,0.426754385964912,0.0666875,0.184368140839122,3.278625,0.727307532103308,8.65469133879709,16.706,18727.6745351476,34.391733,-119.5577
HORSESHOE_REEF_W,INNER,39.38125,Muricea californica,8.6125,35.208333333333336,Natural Reef,0.426754385964912,0.0666875,0.184368140839122,3.278625,0.727307532103308,8.65469133879709,16.706,18727.6745351476,34.391733,-119.5577
HORSESHOE_REEF_W,INNER,39.38125,Muricea fruticosa,8.666666666666666,3.055555555555556,Natural Reef,0.426754385964912,0.0666875,0.184368140839122,3.278625,0.727307532103308,8.65469133879709,16.706,18727.6745351476,34.391733,-119.5577
HORSESHOE_REEF_W,MID,38.325,Leptogorgia chilensis,9.69,8.833333333333334,Natural Reef,0.119021739130435,0.07275,0.202124492760983,3.2000625,0.658768955257287,8.65469133879709,16.706,18727.6745351476,34.391733,-119.5577
HORSESHOE_REEF_W,MID,38.325,Muricea californica,9.4625,57.5,Natural Reef,0.119021739130435,0.07275,0.202124492760983,3.2000625,0.658768955257287,8.65469133879709,16.706,18727.6745351476,34.391733,-119.5577
HORSESHOE_REEF_W,MID,38.325,Muricea fruticosa,9.59,5.666666666666667,Natural Reef,0.119021739130435,0.07275,0.202124492760983,3.2000625,0.658768955257287,8.65469133879709,16.706,18727.6745351476,34.391733,-119.5577
HORSESHOE_REEF_W,OUTER,5.61875,Leptogorgia chilensis,13.261538461538462,5.512820512820513,Natural Reef,0.033695652173913,0,0,3.499875,0.783235884556637,8.65469133879709,16.706,18727.6745351476,34.391733,-119.5577
HORSESHOE_REEF_W,OUTER,5.61875,Muricea californica,13.28125,267.39583333333337,Natural Reef,0.033695652173913,0,0,3.499875,0.783235884556637,8.65469133879709,16.706,18727.6745351476,34.391733,-119.5577
HORSESHOE_REEF_W,OUTER,5.61875,Muricea fruticosa,13.233333333333333,12.333333333333332,Natural Reef,0.033695652173913,0,0,3.499875,0.783235884556637,8.65469133879709,16.706,18727.6745351476,34.391733,-119.5577
IV_REEF_E,MID,13.75,Leptogorgia chilensis,9.1,1.6666666666666667,Natural Reef,0.57202380952381,0.0145625,0.0363259354048765,3.7665,0.559768552008129,6.89500805796374,16.9714285714286,5413.54746966282,34.40295,-119.864517
IV_REEF_E,MID,13.75,Muricea californica,8.82,6.333333333333334,Natural Reef,0.57202380952381,0.0145625,0.0363259354048765,3.7665,0.559768552008129,6.89500805796374,16.9714285714286,5413.54746966282,34.40295,-119.864517
IV_REEF_E,OUTER,11.25,Eugorgia rubens,12.2,1.6666666666666667,Natural Reef,0.161585365853659,0.0020625,0.0112253313766734,3.6336875,0.611393791396948,6.89500805796374,16.9714285714286,5413.54746966282,34.40295,-119.864517
IV_REEF_E,OUTER,11.25,Leptogorgia chilensis,11.721428571428572,17.5,Natural Reef,0.161585365853659,0.0020625,0.0112253313766734,3.6336875,0.611393791396948,6.89500805796374,16.9714285714286,5413.54746966282,34.40295,-119.864517
IV_REEF_E,OUTER,11.25,Muricea californica,11.72,49.333333333333336,Natural Reef,0.161585365853659,0.0020625,0.0112253313766734,3.6336875,0.611393791396948,6.89500805796374,16.9714285714286,5413.54746966282,34.40295,-119.864517
IV_REEF_E,OUTER,11.25,Muricea fruticosa,11.7,2.2222222222222223,Natural Reef,0.161585365853659,0.0020625,0.0112253313766734,3.6336875,0.611393791396948,6.89500805796374,16.9714285714286,5413.54746966282,34.40295,-119.864517
IV_REEF_W,INNER,13.125,Muricea californica,6.933333333333334,2.2222222222222223,Natural Reef,0.460910652920962,0.0104375,0.034391761977092,3.6520625,0.752111432511371,6.95369873335552,16.6149350649351,5016.24915419243,34.404733,-119.876283
IV_REEF_W,MID,18.13125,Leptogorgia chilensis,10.1,1.6666666666666667,Natural Reef,0.260622710622711,0.00625,0.0268335212588427,3.4835,0.848663579169117,6.95369873335552,16.6149350649351,5016.24915419243,34.404733,-119.876283
IV_REEF_W,MID,18.13125,Muricea californica,9.633333333333333,10.555555555555555,Natural Reef,0.260622710622711,0.00625,0.0268335212588427,3.4835,0.848663579169117,6.95369873335552,16.6149350649351,5016.24915419243,34.404733,-119.876283
IV_REEF_W,OUTER,9.9875,Leptogorgia chilensis,12.799999999999999,1.6666666666666667,Natural Reef,0.18921568627451,0.0020625,0.0112253313766734,3.61875,0.722972110069703,6.95369873335552,16.6149350649351,5016.24915419243,34.404733,-119.876283
IV_REEF_W,OUTER,9.9875,Muricea californica,12.330769230769231,16.28205128205128,Natural Reef,0.18921568627451,0.0020625,0.0112253313766734,3.61875,0.722972110069703,6.95369873335552,16.6149350649351,5016.24915419243,34.404733,-119.876283
NAPLES_CEN,INNER,14.58125,Leptogorgia chilensis,9.649999999999999,2.5,Natural Reef,0.806113707165109,0.26475,0.430694145334849,3.989625,0.0412342348482696,4.44141611935018,16.6942105263158,4643.70977310108,34.42185,-119.9515
NAPLES_CEN,INNER,14.58125,Muricea californica,10.5,4.166666666666667,Natural Reef,0.806113707165109,0.26475,0.430694145334849,3.989625,0.0412342348482696,4.44141611935018,16.6942105263158,4643.70977310108,34.42185,-119.9515
NAPLES_CEN,OUTER,13.99375,Leptogorgia chilensis,14.875,5.972222222222222,Natural Reef,0.20632183908046,0.102,0.185401253929509,3.5739375,0.658326530817484,4.44141611935018,16.6942105263158,4643.70977310108,34.42185,-119.9515
NAPLES_CEN,OUTER,13.99375,Muricea californica,14.971428571428572,7.738095238095238,Natural Reef,0.20632183908046,0.102,0.185401253929509,3.5739375,0.658326530817484,4.44141611935018,16.6942105263158,4643.70977310108,34.42185,-119.9515
NAPLES_E,INNER,14.38125,Leptogorgia chilensis,13.1875,2.291666666666667,Natural Reef,0.122916666666667,0.1791875,0.227069630896695,3.4709375,0.717163734314276,4.44141611935018,16.6942105263158,4807.90325745337,34.423333,-119.951017
NAPLES_E,INNER,14.38125,Muricea californica,13.35,5.416666666666667,Natural Reef,0.122916666666667,0.1791875,0.227069630896695,3.4709375,0.717163734314276,4.44141611935018,16.6942105263158,4807.90325745337,34.423333,-119.951017
NAPLES_E,OUTER,11.26875,Leptogorgia chilensis,13.633333333333333,3.888888888888889,Natural Reef,0.0796296296296296,0.2291875,0.29579742854405,3.60575,0.643847633684709,4.44141611935018,16.6942105263158,4807.90325745337,34.423333,-119.951017
NAPLES_E,OUTER,11.26875,Muricea californica,13.94,3,Natural Reef,0.0796296296296296,0.2291875,0.29579742854405,3.60575,0.643847633684709,4.44141611935018,16.6942105263158,4807.90325745337,34.423333,-119.951017
NAPLES_W,INNER,14.793750000000001,Leptogorgia chilensis,11.536363636363637,6.363636363636363,Natural Reef,0.28407960199005,0.1520625,0.292220271482044,3.9058125,0.316681554932685,4.44141611935018,16.6942105263158,4920.7576399841,34.424633,-119.955317
NAPLES_W,INNER,14.793750000000001,Muricea californica,11.46,11.666666666666666,Natural Reef,0.28407960199005,0.1520625,0.292220271482044,3.9058125,0.316681554932685,4.44141611935018,16.6942105263158,4920.7576399841,34.424633,-119.955317
NAPLES_W,INNER,14.793750000000001,Muricea fruticosa,11.3,1.6666666666666667,Natural Reef,0.28407960199005,0.1520625,0.292220271482044,3.9058125,0.316681554932685,4.44141611935018,16.6942105263158,4920.7576399841,34.424633,-119.955317
NAPLES_W,OUTER,6.875,Leptogorgia chilensis,13.816666666666666,5.277777777777778,Natural Reef,0.11593567251462,0.03125,0.0812824470792836,3.523,0.721641103203545,4.44141611935018,16.6942105263158,4920.7576399841,34.424633,-119.955317
NAPLES_W,OUTER,6.875,Muricea californica,13.707692307692307,13.58974358974359,Natural Reef,0.11593567251462,0.03125,0.0812824470792836,3.523,0.721641103203545,4.44141611935018,16.6942105263158,4920.7576399841,34.424633,-119.955317
SCI_CAVERN_POINT_E,MID,12.71875,Leptogorgia chilensis,10.442857142857143,6.428571428571429,Natural Reef,0.624202127659575,0.3165,0.471051998531678,3.43575,0.727479488402193,2.71648284354904,16.7642857142857,4296.82473031146,34.054283,-119.566867
SCI_CAVERN_POINT_E,MID,12.71875,Muricea californica,10.6,4.333333333333334,Natural Reef,0.624202127659575,0.3165,0.471051998531678,3.43575,0.727479488402193,2.71648284354904,16.7642857142857,4296.82473031146,34.054283,-119.566867
SCI_CAVERN_POINT_E,OUTER,13.53125,Eugorgia rubens,16.2,1.6666666666666667,Natural Reef,0.199092409240924,0.4520625,0.507484620808106,3.375125,0.788968488589181,2.71648284354904,16.7642857142857,4296.82473031146,34.054283,-119.566867
SCI_CAVERN_POINT_E,OUTER,13.53125,Leptogorgia chilensis,15.325,75.41666666666667,Natural Reef,0.199092409240924,0.4520625,0.507484620808106,3.375125,0.788968488589181,2.71648284354904,16.7642857142857,4296.82473031146,34.054283,-119.566867
SCI_CAVERN_POINT_E,OUTER,13.53125,Muricea californica,15.58,18.666666666666668,Natural Reef,0.199092409240924,0.4520625,0.507484620808106,3.375125,0.788968488589181,2.71648284354904,16.7642857142857,4296.82473031146,34.054283,-119.566867
SCI_CAVERN_POINT_E,OUTER,13.53125,Muricea fruticosa,15.3,1.6666666666666667,Natural Reef,0.199092409240924,0.4520625,0.507484620808106,3.375125,0.788968488589181,2.71648284354904,16.7642857142857,4296.82473031146,34.054283,-119.566867
SCI_CAVERN_POINT_W,MID,10,Leptogorgia chilensis,8.4,2,Natural Reef,1.5196455505279,0.2458125,0.403269785943713,3.2963125,0.713459559511488,3.02155620443178,16.7901315789474,4471.07933615913,34.05275,-119.5713
SCI_CAVERN_POINT_W,MID,10,Muricea californica,8.85,4.583333333333333,Natural Reef,1.5196455505279,0.2458125,0.403269785943713,3.2963125,0.713459559511488,3.02155620443178,16.7901315789474,4471.07933615913,34.05275,-119.5713
SCI_CAVERN_POINT_W,OUTER,13.74375,Leptogorgia chilensis,11.9125,12.291666666666666,Natural Reef,0.652058232931727,0.2145,0.344084332992856,2.878875,0.852764621371658,3.02155620443178,16.7901315789474,4471.07933615913,34.05275,-119.5713
SCI_CAVERN_POINT_W,OUTER,13.74375,Muricea californica,11.916666666666666,3.3333333333333335,Natural Reef,0.652058232931727,0.2145,0.344084332992856,2.878875,0.852764621371658,3.02155620443178,16.7901315789474,4471.07933615913,34.05275,-119.5713
SCI_COCHE_POINT_E,MID,47.29375,Leptogorgia chilensis,11.178571428571429,4.523809523809524,Natural Reef,0,0.452,0.497976205400375,3.7225625,0.450233238555762,2.78130814564359,16.6926136363636,5422.82734939726,34.044933,-119.6014
SCI_COCHE_POINT_E,MID,47.29375,Muricea californica,10.5,2.2222222222222223,Natural Reef,0,0.452,0.497976205400375,3.7225625,0.450233238555762,2.78130814564359,16.6926136363636,5422.82734939726,34.044933,-119.6014
SCI_COCHE_POINT_E,OUTER,44.7875,Leptogorgia chilensis,16.96875,148.33333333333334,Natural Reef,0,0.1936875,0.344758062703424,3.249625,0.768930504593197,2.78130814564359,16.6926136363636,5422.82734939726,34.044933,-119.6014
SCI_COCHE_POINT_E,OUTER,44.7875,Muricea californica,17.04,18.333333333333332,Natural Reef,0,0.1936875,0.344758062703424,3.249625,0.768930504593197,2.78130814564359,16.6926136363636,5422.82734939726,34.044933,-119.6014
SCI_COCHE_POINT_E,OUTER,44.7875,Muricea fruticosa,16.8,1.6666666666666667,Natural Reef,0,0.1936875,0.344758062703424,3.249625,0.768930504593197,2.78130814564359,16.6926136363636,5422.82734939726,34.044933,-119.6014
SCI_COCHE_POINT_W,INNER,55.10625,Muricea californica,6.25,1.6666666666666667,Natural Reef,0,0.5831875,0.520431141277762,3.7576875,0.399935980734817,3.58804702527212,17.0696202531646,5699.14157909572,34.04265,-119.604
SCI_COCHE_POINT_W,MID,55.20625,Leptogorgia chilensis,11.4625,6.458333333333333,Natural Reef,0.0104166666666667,0.2854375,0.40834567157299,3.6519375,0.521549360669559,3.58804702527212,17.0696202531646,5699.14157909572,34.04265,-119.604
SCI_COCHE_POINT_W,MID,55.20625,Muricea californica,11.3,1.6666666666666667,Natural Reef,0.0104166666666667,0.2854375,0.40834567157299,3.6519375,0.521549360669559,3.58804702527212,17.0696202531646,5699.14157909572,34.04265,-119.604
SCI_COCHE_POINT_W,OUTER,59.79375,Eugorgia rubens,16.9,4.444444444444445,Natural Reef,0,0.110375,0.214485995443358,3.1474375,0.806017481246349,3.58804702527212,17.0696202531646,5699.14157909572,34.04265,-119.604
SCI_COCHE_POINT_W,OUTER,59.79375,Leptogorgia chilensis,16.8375,175.10416666666666,Natural Reef,0,0.110375,0.214485995443358,3.1474375,0.806017481246349,3.58804702527212,17.0696202531646,5699.14157909572,34.04265,-119.604
SCI_COCHE_POINT_W,OUTER,59.79375,Muricea californica,16.85625,8.229166666666666,Natural Reef,0,0.110375,0.214485995443358,3.1474375,0.806017481246349,3.58804702527212,17.0696202531646,5699.14157909572,34.04265,-119.604
SCI_FORNEY_E,INNER,44.75714285714286,Leptogorgia chilensis,6.7,1.6666666666666667,Natural Reef,0.261274509803922,0.114214285714286,0.25902168266762,3.62392857142857,0.644742552760439,2.65712022690438,15.5729508196721,8156.200089667,34.051483,-119.909667
SCI_FORNEY_E,MID,61.17857142857143,Leptogorgia chilensis,8.442857142857143,5,Natural Reef,0.148611111111111,0.0643571428571429,0.166335311169748,3.59757142857143,0.721610278128646,2.65712022690438,15.5729508196721,8156.200089667,34.051483,-119.909667
SCI_FORNEY_E,MID,61.17857142857143,Muricea californica,8.8,1.6666666666666667,Natural Reef,0.148611111111111,0.0643571428571429,0.166335311169748,3.59757142857143,0.721610278128646,2.65712022690438,15.5729508196721,8156.200089667,34.051483,-119.909667
SCI_FORNEY_E,OUTER,68.81428571428572,Leptogorgia chilensis,14.22857142857143,28.452380952380953,Natural Reef,0.00777777777777778,0.0595714285714286,0.13374466704788401,3.61428571428571,0.76284542645646,2.65712022690438,15.5729508196721,8156.200089667,34.051483,-119.909667
SCI_FORNEY_E,OUTER,68.81428571428572,Muricea californica,14.308333333333334,6.25,Natural Reef,0.00777777777777778,0.0595714285714286,0.13374466704788401,3.61428571428571,0.76284542645646,2.65712022690438,15.5729508196721,8156.200089667,34.051483,-119.909667
SCI_FORNEY_W,INNER,33.81428571428572,Muricea californica,6.4,1.6666666666666667,Natural Reef,0.342610062893082,0.3095,0.395822945938775,3.64514285714286,0.554263537379858,2.37473412070586,15.5,8395.27147524285,34.053883,-119.9182
SCI_FORNEY_W,MID,56.42857142857143,Leptogorgia chilensis,10,6.666666666666666,Natural Reef,0.105982905982906,0.0260714285714286,0.0971239615838645,3.529,0.695633121506372,2.37473412070586,15.5,8395.27147524285,34.053883,-119.9182
SCI_FORNEY_W,MID,56.42857142857143,Muricea californica,9.9,10.238095238095237,Natural Reef,0.105982905982906,0.0260714285714286,0.0971239615838645,3.529,0.695633121506372,2.37473412070586,15.5,8395.27147524285,34.053883,-119.9182
SCI_FORNEY_W,MID,56.42857142857143,Muricea fruticosa,10.4,1.6666666666666667,Natural Reef,0.105982905982906,0.0260714285714286,0.0971239615838645,3.529,0.695633121506372,2.37473412070586,15.5,8395.27147524285,34.053883,-119.9182
SCI_FORNEY_W,OUTER,65.47142857142858,Leptogorgia chilensis,12.4,8.03030303030303,Natural Reef,0.00238095238095238,0.0285,0.0829783326172869,3.47371428571429,0.808882306125492,2.37473412070586,15.5,8395.27147524285,34.053883,-119.9182
SCI_FORNEY_W,OUTER,65.47142857142858,Muricea californica,12.3625,4.375,Natural Reef,0.00238095238095238,0.0285,0.0829783326172869,3.47371428571429,0.808882306125492,2.37473412070586,15.5,8395.27147524285,34.053883,-119.9182
SCI_FORNEY_W,OUTER,65.47142857142858,Muricea fruticosa,12.95,1.6666666666666667,Natural Reef,0.00238095238095238,0.0285,0.0829783326172869,3.47371428571429,0.808882306125492,2.37473412070586,15.5,8395.27147524285,34.053883,-119.9182
SCI_GULL_ISLE_E,INNER,12.621428571428572,Muricea fruticosa,6.4,3.3333333333333335,Natural Reef,0.613676470588235,0.109428571428571,0.225024869573225,3.89028571428571,0.316056626368245,1.87255501237725,16.7798780487805,1012.48279064218,33.946467,-119.823183
SCI_GULL_ISLE_E,MID,32.614285714285714,Leptogorgia chilensis,10.428571428571429,5,Natural Reef,0.660924006908463,0.05,0.152416104140259,3.52378571428571,0.840320797471795,1.87255501237725,16.7798780487805,1012.48279064218,33.946467,-119.823183
SCI_GULL_ISLE_E,MID,32.614285714285714,Muricea californica,10.6,11.666666666666666,Natural Reef,0.660924006908463,0.05,0.152416104140259,3.52378571428571,0.840320797471795,1.87255501237725,16.7798780487805,1012.48279064218,33.946467,-119.823183
SCI_GULL_ISLE_E,MID,32.614285714285714,Muricea fruticosa,10.2,8.333333333333334,Natural Reef,0.660924006908463,0.05,0.152416104140259,3.52378571428571,0.840320797471795,1.87255501237725,16.7798780487805,1012.48279064218,33.946467,-119.823183
SCI_GULL_ISLE_E,OUTER,23.628571428571426,Leptogorgia chilensis,19.242857142857144,20.11904761904762,Natural Reef,0.304597701149425,1.01421428571429,0.647276813923104,3.88307142857143,0.342498301052461,1.87255501237725,16.7798780487805,1012.48279064218,33.946467,-119.823183
SCI_GULL_ISLE_E,OUTER,23.628571428571426,Muricea californica,18.566666666666666,2.5,Natural Reef,0.304597701149425,1.01421428571429,0.647276813923104,3.88307142857143,0.342498301052461,1.87255501237725,16.7798780487805,1012.48279064218,33.946467,-119.823183
SCI_GULL_ISLE_W,INNER,11.428571428571429,Leptogorgia chilensis,7.6,1.6666666666666667,Natural Reef,0.973015873015873,0.445357142857143,0.554425861478377,3.95028571428571,0.156607422446396,1.87255501237725,16.7798780487805,1004.56955190708,33.948167,-119.82795
SCI_GULL_ISLE_W,MID,25.95,Leptogorgia chilensis,10.55,3.75,Natural Reef,1.37903050108932,0.545357142857143,0.539896714940701,3.87842857142857,0.320265363706606,1.87255501237725,16.7798780487805,1004.56955190708,33.948167,-119.82795
SCI_GULL_ISLE_W,MID,25.95,Muricea californica,9.82,3.333333333333333,Natural Reef,1.37903050108932,0.545357142857143,0.539896714940701,3.87842857142857,0.320265363706606,1.87255501237725,16.7798780487805,1004.56955190708,33.948167,-119.82795
SCI_GULL_ISLE_W,MID,25.95,Muricea fruticosa,9.65,1.6666666666666667,Natural Reef,1.37903050108932,0.545357142857143,0.539896714940701,3.87842857142857,0.320265363706606,1.87255501237725,16.7798780487805,1004.56955190708,33.948167,-119.82795
SCI_GULL_ISLE_W,OUTER,41.878571428571426,Leptogorgia chilensis,18.47142857142857,25.11904761904762,Natural Reef,0.317397660818713,0.652357142857143,0.555794760582423,3.86678571428571,0.357568586603347,1.87255501237725,16.7798780487805,1004.56955190708,33.948167,-119.82795
SCI_GULL_ISLE_W,OUTER,41.878571428571426,Muricea californica,18.355555555555554,3.5185185185185186,Natural Reef,0.317397660818713,0.652357142857143,0.555794760582423,3.86678571428571,0.357568586603347,1.87255501237725,16.7798780487805,1004.56955190708,33.948167,-119.82795
SCI_GULL_ISLE_W,OUTER,41.878571428571426,Muricea fruticosa,19.3,1.6666666666666667,Natural Reef,0.317397660818713,0.652357142857143,0.555794760582423,3.86678571428571,0.357568586603347,1.87255501237725,16.7798780487805,1004.56955190708,33.948167,-119.82795
SCI_HAZARDS_CEN,INNER,28.75625,Leptogorgia chilensis,5.574999999999999,1.6666666666666667,Artificial Reef,0.0604166666666667,0.6313125,0.627411603497501,3.9979375,0.0112253313766734,3.99647569030703,15.8625,7114.61388120374,34.056583,-119.821167
SCI_HAZARDS_CEN,OUTER,27.7,Leptogorgia chilensis,12.9375,15.625,Artificial Reef,0,0.6249375,0.632748401724299,3.799375,0.471196048243738,3.99647569030703,15.8625,7114.61388120374,34.056583,-119.821167
SCI_HAZARDS_E,INNER,35.40625,Leptogorgia chilensis,5.7,2.2222222222222223,Artificial Reef,0.460077519379845,0.526875,0.590739713178977,3.4548125,0.590158566241571,3.99647569030703,15.8625,7313.97741140275,34.054383,-119.81935
SCI_HAZARDS_E,OUTER,19.58125,Leptogorgia chilensis,11.34375,13.645833333333332,Artificial Reef,0.0107843137254902,0.2539375,0.345037705747212,3.037625,0.855728999133973,3.99647569030703,15.8625,7313.97741140275,34.054383,-119.81935
SCI_HAZARDS_E,OUTER,19.58125,Muricea californica,11.45,2.5,Artificial Reef,0.0107843137254902,0.2539375,0.345037705747212,3.037625,0.855728999133973,3.99647569030703,15.8625,7313.97741140275,34.054383,-119.81935
SCI_HAZARDS_W,INNER,45.41875,Leptogorgia chilensis,5.2,1.6666666666666667,Artificial Reef,0,1.2271875,0.643212271495059,3.9728125,0.0969999415989553,3.99647569030703,15.8625,7043.2351834826,34.0581,-119.824833
SCI_HAZARDS_W,OUTER,43.75,Leptogorgia chilensis,12.55,7.976190476190476,Artificial Reef,0,1.2335,0.469948710007798,3.767125,0.451997605280584,3.99647569030703,15.8625,7043.2351834826,34.0581,-119.824833
SCI_PAINTED_CAVE_CEN,OUTER,51.92142857142857,Leptogorgia chilensis,13,1.9444444444444446,Natural Reef,0,0.0309285714285714,0.0979419819805178,2.7325,0.711206418215058,2.75569505712668,15.9139534883721,6529.3910544166,34.072867,-119.870983
SCI_PAINTED_CAVE_E,OUTER,41.43571428571428,Leptogorgia chilensis,14.366666666666667,3.8888888888888884,Natural Reef,0,0.718928571428572,0.61505700501945,3.88107142857143,0.295678477138835,3.23069860087231,15.8736486486486,6452.96281751639,34.0719,-119.85755
SCI_PAINTED_CAVE_W,OUTER,55.464285714285715,Leptogorgia chilensis,13.875,3.3333333333333335,Natural Reef,0,0.440285714285714,0.56866632376395,3.3785,0.727197527695148,2.82442145005188,15.9839285714286,6466.16871258459,34.074483,-119.882133
SCI_PELICAN_CEN,INNER,19.8375,Leptogorgia chilensis,5.5375,6.458333333333333,Natural Reef,0.381578947368421,1.4541875,0.623103910904524,3.8749375,0.204040427241511,2.90751822575952,16.7524390243902,8663.96760155199,34.03065,-119.69665
SCI_PELICAN_CEN,OUTER,16.65625,Eugorgia rubens,10.366666666666667,5.740740740740741,Natural Reef,0.151923076923077,0.7813125,0.666002396158056,3.46675,0.816520535422716,2.90751822575952,16.7524390243902,8663.96760155199,34.03065,-119.69665
SCI_PELICAN_CEN,OUTER,16.65625,Leptogorgia chilensis,10.4375,37.395833333333336,Natural Reef,0.151923076923077,0.7813125,0.666002396158056,3.46675,0.816520535422716,2.90751822575952,16.7524390243902,8663.96760155199,34.03065,-119.69665
SCI_PELICAN_CEN,OUTER,16.65625,Muricea californica,10.5,2.2222222222222223,Natural Reef,0.151923076923077,0.7813125,0.666002396158056,3.46675,0.816520535422716,2.90751822575952,16.7524390243902,8663.96760155199,34.03065,-119.69665
SCI_PELICAN_E,INNER,36.65,Leptogorgia chilensis,6.2,2.2222222222222223,Natural Reef,0.137804878048781,0.64125,0.588022777679687,3.58125,0.614973701987739,2.90751822575952,16.7524390243902,8836.7559147988,34.02805,-119.690917
SCI_PELICAN_E,INNER,36.65,Muricea californica,4.6,1.6666666666666667,Natural Reef,0.137804878048781,0.64125,0.588022777679687,3.58125,0.614973701987739,2.90751822575952,16.7524390243902,8836.7559147988,34.02805,-119.690917
SCI_PELICAN_E,OUTER,22.7,Eugorgia rubens,9.333333333333334,13.222222222222223,Natural Reef,0.0162037037037037,0.5270625,0.562549944998631,3.37475,0.811358124067348,2.90751822575952,16.7524390243902,8836.7559147988,34.02805,-119.690917
SCI_PELICAN_E,OUTER,22.7,Leptogorgia chilensis,9.33125,34.583333333333336,Natural Reef,0.0162037037037037,0.5270625,0.562549944998631,3.37475,0.811358124067348,2.90751822575952,16.7524390243902,8836.7559147988,34.02805,-119.690917
SCI_PELICAN_E,OUTER,22.7,Muricea californica,9.8,1.6666666666666667,Natural Reef,0.0162037037037037,0.5270625,0.562549944998631,3.37475,0.811358124067348,2.90751822575952,16.7524390243902,8836.7559147988,34.02805,-119.690917
SCI_PELICAN_W,INNER,49.38125,Leptogorgia chilensis,6.1,1.6666666666666667,Natural Reef,0,0.3915625,0.48433354561035,3.6683125,0.536971727016404,2.77988693339629,16.5375,8106.21557742529,34.035867,-119.7023
SCI_PELICAN_W,OUTER,27.9125,Eugorgia rubens,10.466666666666667,2.2222222222222223,Natural Reef,0.0132352941176471,0.260375,0.422113068787287,3.0163125,0.907571160788324,2.77988693339629,16.5375,8106.21557742529,34.035867,-119.7023
SCI_PELICAN_W,OUTER,27.9125,Leptogorgia chilensis,10.892857142857142,7.142857142857143,Natural Reef,0.0132352941176471,0.260375,0.422113068787287,3.0163125,0.907571160788324,2.77988693339629,16.5375,8106.21557742529,34.035867,-119.7023
SCI_SCORPION_E,INNER,15.40625,Leptogorgia chilensis,4.6,1.6666666666666667,Natural Reef,0.200173611111111,1.6415625,0.450610175531343,3.9791875,0.0836759459892815,3.21391707222474,16.5954545454545,4878.42608001753,34.048467,-119.546367
SCI_SCORPION_E,MID,30.2125,Eugorgia rubens,13.1,1.6666666666666667,Natural Reef,0.0596153846153846,0.5749375,0.572237995339857,3.697875,0.496697425987612,3.21391707222474,16.5954545454545,4878.42608001753,34.048467,-119.546367
SCI_SCORPION_E,MID,30.2125,Leptogorgia chilensis,12.007142857142858,8.333333333333334,Natural Reef,0.0596153846153846,0.5749375,0.572237995339857,3.697875,0.496697425987612,3.21391707222474,16.5954545454545,4878.42608001753,34.048467,-119.546367
SCI_SCORPION_E,MID,30.2125,Muricea californica,11.3,5,Natural Reef,0.0596153846153846,0.5749375,0.572237995339857,3.697875,0.496697425987612,3.21391707222474,16.5954545454545,4878.42608001753,34.048467,-119.546367
SCI_SCORPION_E,OUTER,40.2125,Eugorgia rubens,18.3,2.7777777777777777,Natural Reef,0,0.3916875,0.470173008148518,3.599875,0.603402506185745,3.21391707222474,16.5954545454545,4878.42608001753,34.048467,-119.546367
SCI_SCORPION_E,OUTER,40.2125,Leptogorgia chilensis,17.6375,46.875,Natural Reef,0,0.3916875,0.470173008148518,3.599875,0.603402506185745,3.21391707222474,16.5954545454545,4878.42608001753,34.048467,-119.546367
SCI_SCORPION_E,OUTER,40.2125,Muricea californica,17.22,2.666666666666667,Natural Reef,0,0.3916875,0.470173008148518,3.599875,0.603402506185745,3.21391707222474,16.5954545454545,4878.42608001753,34.048467,-119.546367
SCI_SCORPION_W,INNER,20.41875,Leptogorgia chilensis,6.25,1.6666666666666667,Natural Reef,2.51851851851852,0.2686875,0.389795392625072,3.326625,0.778658151653057,3.21391707222474,16.5954545454545,4453.29507079122,34.0525,-119.55525
SCI_SCORPION_W,INNER,20.41875,Muricea californica,5.5,1.6666666666666667,Natural Reef,2.51851851851852,0.2686875,0.389795392625072,3.326625,0.778658151653057,3.21391707222474,16.5954545454545,4453.29507079122,34.0525,-119.55525
SCI_SCORPION_W,MID,18.53125,Eugorgia rubens,8.350000000000001,1.6666666666666667,Natural Reef,1.10959259259259,0.11675,0.289636360007974,3.0290625,1.06520530405955,3.21391707222474,16.5954545454545,4453.29507079122,34.0525,-119.55525
SCI_SCORPION_W,MID,18.53125,Leptogorgia chilensis,8.4125,27.5,Natural Reef,1.10959259259259,0.11675,0.289636360007974,3.0290625,1.06520530405955,3.21391707222474,16.5954545454545,4453.29507079122,34.0525,-119.55525
SCI_SCORPION_W,MID,18.53125,Muricea californica,8.575,4.305555555555555,Natural Reef,1.10959259259259,0.11675,0.289636360007974,3.0290625,1.06520530405955,3.21391707222474,16.5954545454545,4453.29507079122,34.0525,-119.55525
SCI_SCORPION_W,OUTER,10.8,Eugorgia rubens,11.514285714285714,11.19047619047619,Natural Reef,0.841809523809524,0.05825,0.173393188139442,2.545375,1.20633442391593,3.21391707222474,16.5954545454545,4453.29507079122,34.0525,-119.55525
SCI_SCORPION_W,OUTER,10.8,Leptogorgia chilensis,11.5375,69.27083333333333,Natural Reef,0.841809523809524,0.05825,0.173393188139442,2.545375,1.20633442391593,3.21391707222474,16.5954545454545,4453.29507079122,34.0525,-119.55525
SCI_SCORPION_W,OUTER,10.8,Muricea californica,11.653846153846153,7.051282051282051,Natural Reef,0.841809523809524,0.05825,0.173393188139442,2.545375,1.20633442391593,3.21391707222474,16.5954545454545,4453.29507079122,34.0525,-119.55525
SCI_SCORPION_W,OUTER,10.8,Muricea fruticosa,12.8,2.5,Natural Reef,0.841809523809524,0.05825,0.173393188139442,2.545375,1.20633442391593,3.21391707222474,16.5954545454545,4453.29507079122,34.0525,-119.55525
SCI_VALLEY_CEN,INNER,25.0125,Leptogorgia chilensis,9.4,3.3333333333333335,Natural Reef,0.67449494949495,0.279375,0.350587112253002,3.349875,0.774492516394204,3.27200013469901,17.5423076923077,3701.41884335817,33.983617,-119.6384
SCI_VALLEY_CEN,INNER,25.0125,Muricea californica,7.375,3.75,Natural Reef,0.67449494949495,0.279375,0.350587112253002,3.349875,0.774492516394204,3.27200013469901,17.5423076923077,3701.41884335817,33.983617,-119.6384
SCI_VALLEY_CEN,OUTER,30,Leptogorgia chilensis,10.871428571428572,7.619047619047619,Natural Reef,0.601307189542484,0.079125,0.174353568085971,2.896,1.03031982349163,3.27200013469901,17.5423076923077,3701.41884335817,33.983617,-119.6384
SCI_VALLEY_CEN,OUTER,30,Muricea californica,10.5,6.875,Natural Reef,0.601307189542484,0.079125,0.174353568085971,2.896,1.03031982349163,3.27200013469901,17.5423076923077,3701.41884335817,33.983617,-119.6384
SCI_VALLEY_CEN,OUTER,30,Muricea fruticosa,10.525,2.916666666666667,Natural Reef,0.601307189542484,0.079125,0.174353568085971,2.896,1.03031982349163,3.27200013469901,17.5423076923077,3701.41884335817,33.983617,-119.6384
SCI_VALLEY_E,OUTER,23.7375,Leptogorgia chilensis,11.742857142857142,14.285714285714285,Natural Reef,0.313131313131313,0,0,2.66575,1.01795128830943,3.08577505939007,17.698,3386.69983768394,33.98355,-119.620317
SCI_VALLEY_E,OUTER,23.7375,Muricea californica,11.7875,11.666666666666666,Natural Reef,0.313131313131313,0,0,2.66575,1.01795128830943,3.08577505939007,17.698,3386.69983768394,33.98355,-119.620317
SCI_VALLEY_W,INNER,31.2375,Leptogorgia chilensis,5.5,3.3333333333333335,Natural Reef,0.872839506172839,0.216625,0.282391479893163,3.887125,0.359582162153023,2.73949506696517,17.6146551724138,4686.59860653661,33.9817,-119.6637
SCI_VALLEY_W,INNER,31.2375,Muricea californica,5.8,1.6666666666666667,Natural Reef,0.872839506172839,0.216625,0.282391479893163,3.887125,0.359582162153023,2.73949506696517,17.6146551724138,4686.59860653661,33.9817,-119.6637
SCI_VALLEY_W,OUTER,24.1625,Leptogorgia chilensis,9.825,28.333333333333336,Natural Reef,0.20719696969697,0.3835,0.478895277088108,3.532875,0.883483078605674,2.73949506696517,17.6146551724138,4686.59860653661,33.9817,-119.6637
SCI_VALLEY_W,OUTER,24.1625,Muricea californica,9.925,18.333333333333332,Natural Reef,0.20719696969697,0.3835,0.478895277088108,3.532875,0.883483078605674,2.73949506696517,17.6146551724138,4686.59860653661,33.9817,-119.6637
SCI_VALLEY_W,OUTER,24.1625,Muricea fruticosa,10.55,1.6666666666666667,Natural Reef,0.20719696969697,0.3835,0.478895277088108,3.532875,0.883483078605674,2.73949506696517,17.6146551724138,4686.59860653661,33.9817,-119.6637
SCI_YELLOWBANKS_CEN,INNER,25.425,Leptogorgia chilensis,10.1,5,Natural Reef,0.680314009661836,0.037375,0.0980292903195989,3.613,0.607615922906355,1.31950550309016,17.5354838709677,2150.14505520501,33.988533,-119.546983
SCI_YELLOWBANKS_CEN,INNER,25.425,Muricea californica,9.475,5.416666666666667,Natural Reef,0.680314009661836,0.037375,0.0980292903195989,3.613,0.607615922906355,1.31950550309016,17.5354838709677,2150.14505520501,33.988533,-119.546983
SCI_YELLOWBANKS_CEN,MID,49.5875,Eugorgia rubens,11.6,1.6666666666666667,Natural Reef,0.338541666666667,0.016625,0.0600178069431924,3.62125,0.537313395363758,1.31950550309016,17.5354838709677,2150.14505520501,33.988533,-119.546983
SCI_YELLOWBANKS_CEN,MID,49.5875,Leptogorgia chilensis,11.042857142857143,7.3809523809523805,Natural Reef,0.338541666666667,0.016625,0.0600178069431924,3.62125,0.537313395363758,1.31950550309016,17.5354838709677,2150.14505520501,33.988533,-119.546983
SCI_YELLOWBANKS_CEN,MID,49.5875,Muricea californica,11.028571428571428,5.476190476190476,Natural Reef,0.338541666666667,0.016625,0.0600178069431924,3.62125,0.537313395363758,1.31950550309016,17.5354838709677,2150.14505520501,33.988533,-119.546983
SCI_YELLOWBANKS_CEN,OUTER,71.6625,Eugorgia rubens,18.9,5,Natural Reef,0.13525641025641,0.0125,0.0375671441898455,3.442375,0.773917748954706,1.31950550309016,17.5354838709677,2150.14505520501,33.988533,-119.546983
SCI_YELLOWBANKS_CEN,OUTER,71.6625,Leptogorgia chilensis,17.8375,27.291666666666664,Natural Reef,0.13525641025641,0.0125,0.0375671441898455,3.442375,0.773917748954706,1.31950550309016,17.5354838709677,2150.14505520501,33.988533,-119.546983
SCI_YELLOWBANKS_CEN,OUTER,71.6625,Muricea californica,17.983333333333334,5.277777777777778,Natural Reef,0.13525641025641,0.0125,0.0375671441898455,3.442375,0.773917748954706,1.31950550309016,17.5354838709677,2150.14505520501,33.988533,-119.546983
SCI_YELLOWBANKS_W,INNER,21.25,Leptogorgia chilensis,11.6,1.6666666666666667,Natural Reef,0.277827380952381,0.016625,0.0761177052710322,3.387625,1.01821376991721,1.4650605989885,17.517032967033,3061.56703893186,33.9893,-119.564933
SCI_YELLOWBANKS_W,MID,17.075,Leptogorgia chilensis,12.88,6,Natural Reef,0.195833333333333,0,0,3.595,0.621787844533636,1.4650605989885,17.517032967033,3061.56703893186,33.9893,-119.564933
SCI_YELLOWBANKS_W,MID,17.075,Muricea californica,12.8,1.6666666666666667,Natural Reef,0.195833333333333,0,0,3.595,0.621787844533636,1.4650605989885,17.517032967033,3061.56703893186,33.9893,-119.564933
SCI_YELLOWBANKS_W,OUTER,51.25,Leptogorgia chilensis,17.3625,50.83333333333333,Natural Reef,0.265811965811966,0.004125,0.0224506627533469,3.546375,0.626079823469684,1.4650605989885,17.517032967033,3061.56703893186,33.9893,-119.564933
SCI_YELLOWBANKS_W,OUTER,51.25,Muricea californica,17.585714285714285,5,Natural Reef,0.265811965811966,0.004125,0.0224506627533469,3.546375,0.626079823469684,1.4650605989885,17.517032967033,3061.56703893186,33.9893,-119.564933
SCI_YELLOWBANKS_W,OUTER,51.25,Muricea fruticosa,18.15,1.6666666666666667,Natural Reef,0.265811965811966,0.004125,0.0224506627533469,3.546375,0.626079823469684,1.4650605989885,17.517032967033,3061.56703893186,33.9893,-119.564933
SRI_CLUSTER_POINT_S,OUTER,54.292857142857144,Leptogorgia chilensis,18.6,1.6666666666666667,Natural Reef,0.0225,0.166571428571429,0.318671559831944,3.735,0.514770684213122,1.35531755204175,15.428125,3945.04071597463,33.923833,-120.192
SRI_JOHNSONS_LEE_SOUTH_E,INNER,25.41875,Leptogorgia chilensis,14.263636363636364,4.242424242424242,Natural Reef,0.0258333333333333,0.077125,0.180652997898374,3.6688125,0.731910580768577,1.72531471656753,16.1341463414634,5740.95709222838,33.897433,-120.100383
SRI_JOHNSONS_LEE_SOUTH_E,MID,18.9625,Leptogorgia chilensis,12.727272727272727,3.7878787878787876,Natural Reef,0.067948717948718,0.2875625,0.447300909845179,3.8595625,0.423328012043504,1.72531471656753,16.1341463414634,5740.95709222838,33.897433,-120.100383
SRI_JOHNSONS_LEE_SOUTH_E,MID,18.9625,Muricea californica,11.3,1.6666666666666667,Natural Reef,0.067948717948718,0.2875625,0.447300909845179,3.8595625,0.423328012043504,1.72531471656753,16.1341463414634,5740.95709222838,33.897433,-120.100383
SRI_JOHNSONS_LEE_SOUTH_E,OUTER,29.10625,Leptogorgia chilensis,14.26153846153846,4.487179487179487,Natural Reef,0.04453125,0.0583125,0.161104444609634,3.9139375,0.313839138122095,1.72531471656753,16.1341463414634,5740.95709222838,33.897433,-120.100383
SRI_JOHNSONS_LEE_SOUTH_E,OUTER,29.10625,Muricea californica,14.9,2.5,Natural Reef,0.04453125,0.0583125,0.161104444609634,3.9139375,0.313839138122095,1.72531471656753,16.1341463414634,5740.95709222838,33.897433,-120.100383
SRI_JOHNSONS_LEE_SOUTH_W,INNER,17.91875,Leptogorgia chilensis,9.5,1.6666666666666667,Natural Reef,0.385119047619048,0.03325,0.075578627566252,3.697875,0.706606979694334,2.58767899998667,16.07625,5309.10541757395,33.895133,-120.104317
SRI_JOHNSONS_LEE_SOUTH_W,INNER,17.91875,Muricea californica,9.3,2.5,Natural Reef,0.385119047619048,0.03325,0.075578627566252,3.697875,0.706606979694334,2.58767899998667,16.07625,5309.10541757395,33.895133,-120.104317
SRI_JOHNSONS_LEE_SOUTH_W,MID,22.0875,Leptogorgia chilensis,12.23,3.3333333333333335,Natural Reef,0.239130434782609,0.0125,0.0456170933537654,3.599375,0.717811017637051,2.58767899998667,16.07625,5309.10541757395,33.895133,-120.104317
SRI_JOHNSONS_LEE_SOUTH_W,MID,22.0875,Muricea californica,12.1,1.6666666666666667,Natural Reef,0.239130434782609,0.0125,0.0456170933537654,3.599375,0.717811017637051,2.58767899998667,16.07625,5309.10541757395,33.895133,-120.104317
SRI_JOHNSONS_LEE_SOUTH_W,OUTER,45.20625,Leptogorgia chilensis,16.791666666666668,5.694444444444445,Natural Reef,0.00104166666666667,0.0208125,0.0646016255078311,3.528625,0.768363112918573,2.58767899998667,16.07625,5309.10541757395,33.895133,-120.104317
SRI_SOUTH_POINT_W,OUTER,28.3375,Leptogorgia chilensis,15.842857142857143,2.857142857142857,Natural Reef,0.236111111111111,0.227,0.405887653043424,3.7745,0.521956321566144,2.73273082933147,15.8901315789474,4008.98833265057,33.894167,-120.124883
